,filenames
0,tumblr_mevmyaKtDf1rgvhr8o1_500.gif
1,tumblr_nok4eeONTv1s2yegdo1_400.gif
2,tumblr_mllh01J96X1s9npefo1_250.gif
3,tumblr_nqlr0rn8ox1r2r0koo1_400.gif
4,tumblr_mvtuwlhSkE1qbnleeo1_500.gif
5,tumblr_npw7v7W07C1tmj047o1_250.gif
6,tumblr_mdlv9v6hE91qanrf2o1_r11_500.gif
7,tumblr_nkcmeflaVj1u26rdio1_500.gif
8,tumblr_mkwd0y8Poo1qlnbq8o1_400.gif
9,tumblr_msij5q4Run1qd76t9o1_500.gif
10,tumblr_np9xo74UgD1ux4g5vo1_250.gif
11,tumblr_noncfelojf1uqmy01o1_500.gif
12,tumblr_nov5tja4g91rkmzrjo1_400.gif
13,tumblr_nq7f66LEk41tzifluo1_400.gif
14,tumblr_nq3ofebQo51s4vpwjo1_500.gif
15,tumblr_nqofwqgS8d1siem3jo1_r1_400.gif
16,tumblr_nmzcu205yo1qdj2qoo1_500.gif
17,tumblr_noxbsuCyAg1tjhed2o1_500.gif
18,tumblr_n4hv5jJDcS1t96jpzo1_500.gif
19,tumblr_npzfsr13I51uyqfd5o1_500.gif
20,tumblr_nqmgdj8STn1rn1g1jo1_250.gif
21,tumblr_npntschfQp1qf69tyo1_500.gif
22,tumblr_nmp0m0o3Iv1r44r7zo1_500.gif
23,tumblr_nox28g9fv41tfkobto1_500.gif
24,tumblr_npse2pIimv1tyncywo1_400.gif
25,tumblr_n0lv33BBrb1rc0kvpo1_r1_250.gif
26,tumblr_np2k4xqcDt1s9b6vho1_500.gif
27,tumblr_nntpx3AxcV1tyncywo1_500.gif
28,tumblr_no5kyk0Mgs1urjsaqo1_400.gif
29,tumblr_nqq3ibcw841rvg72ao1_400.gif
30,tumblr_mudwwxBWdn1qm26qzo1_500.gif
31,tumblr_nq07jm1AQ51sja1kdo1_500.gif
32,tumblr_nj4iqcVaFQ1s26nzro1_500.gif
33,tumblr_npo3mtQ87f1uxcyego1_400.gif
34,tumblr_nqexpu1pOL1sqicm1o1_500.gif
35,tumblr_nq541zHa5n1uy63pco1_r1_250.gif
36,tumblr_nnxshbEKOc1rqd7uco1_500.gif
37,tumblr_nq8ajiaBT71usj03ho1_500.gif
38,tumblr_np5x4gNc1L1ux4ymjo1_500.gif
39,tumblr_npqraj6f5R1uuxd1yo1_500.gif
40,tumblr_no2up3t1Bv1usegjto1_250.gif
41,tumblr_nl77cuGZWn1sm50zqo1_400.gif
42,tumblr_nnn5873T0c1uqclqmo1_500.gif
43,tumblr_nowg4sfk6D1qzefc2o1_400.gif
44,tumblr_nohp6gAaLv1si7d5lo1_400.gif
45,tumblr_npgxznNRd31uv0y2ro1_250.gif
46,tumblr_nq789eiheZ1r3kmkso1_1280.gif
47,tumblr_nqrlhsLD931uzihc0o1_500.gif
48,tumblr_nqir72vsUx1sd7dido1_500.gif
49,tumblr_nqir72vsUx1sd7dido1_500.gif
